title,price,rating,image
GOLDEN HOUR Mens Watch Fashion Sleek Minimalist Quartz Analog Mesh Stainless Steel Waterproof Chronograph Watches for Men with Auto Date,$35.99,4.4 out of 5 stars,https://m.media-amazon.com/images/I/71SEd7XDFhL._AC_UL320_.jpg
"GOLDEN HOUR Fashion Business Mens Watches with Stainless Steel Waterproof Chronograph Quartz Watch for Men, Auto Date",$47.99,4.5 out of 5 stars,https://m.media-amazon.com/images/I/61lg5RzIzPL._AC_UL320_.jpg
BY BENYAR Men’s Watch Amazon Analog Waches for Man Date Sport Work Waterproof Chronograph Watches Men Stylish Minimalist Classic Men's Wrist Watch with Leather Band Unque Gifts for Men…,$39.99,4.6 out of 5 stars,https://m.media-amazon.com/images/I/71-MTs2qHiL._AC_UL320_.jpg
Mens Watches Chronograph Stainless Steel Waterproof Date Analog Quartz Watch Business Wrist Watches for Men,$42.99,4.4 out of 5 stars,https://m.media-amazon.com/images/I/71VjM5LOeYL._AC_UL320_.jpg
Fossil Men's Nate Stainless Steel Quartz Chronograph Watch,$80.99,4.6 out of 5 stars,https://m.media-amazon.com/images/I/718AVhhc1GL._AC_UL320_.jpg
"Seiko Men's Stainless Steel Japanese Quartz Leather Calfskin Strap, Brown, 0 Casual Watch (Model: SNE529)",$159.00,4.6 out of 5 stars,https://m.media-amazon.com/images/I/71DOHnJBjyL._AC_UL320_.jpg
Michael Kors Men's Slim Runway Stainless Steel Quartz Watch,$108.98,4.7 out of 5 stars,https://m.media-amazon.com/images/I/71sMS5i3wxL._AC_UL320_.jpg
"SUUNTO Core, Outdoor Sports Watch",$124.50,4.4 out of 5 stars,https://m.media-amazon.com/images/I/511gXQ3x23S._AC_UL320_.jpg
,$19.00,4.4 out of 5 stars,https://m.media-amazon.com/images/I/816p5ZS1NoL._AC_UL320_.jpg
"HAFURY Android Smart Watch, Activity Fitness Tracker for Women Men, Smartwatch for Android & iOS Phones, Heart Rate Monitor, IP68 Waterproof Fitness Watch, Sleep, Calories, Step Tracker, Black",$36.99,4.2 out of 5 stars,https://m.media-amazon.com/images/I/61ISEH7-4CS._AC_UL320_.jpg
"HAFURY Smart Watch, Smartwatch for Android/iOS/Samsung Phones, Heart Rate Monitor, Sleep Tracking, Fitness Tracker with Pedometer, IP68 Waterproof Activity Tracker for Men Women, Black",$35.99,4.1 out of 5 stars,https://m.media-amazon.com/images/I/51cqFdS+ztL._AC_UL320_.jpg
SURVAN WatchDesigner Swiss Quartz Watch for Men Sapphire Mirror Stainless Case Leather Strap,$149.99,4.3 out of 5 stars,https://m.media-amazon.com/images/I/61TObRUn+hL._AC_UL320_.jpg
SURVAN WatchDesigner Racing Design Men's Automatic Mechanical Skeleton Watch Genuine Leather Strap (Yellow),$239.99,4.0 out of 5 stars,https://m.media-amazon.com/images/I/81jC9T0PHrL._AC_UL320_.jpg
"chalvh Smart Watch, Fitness Tracker 1.69"" Touch Screen Compatible with Phone Android, IP67 Waterproof Smartwatch with Heart Rate Monitor and Sleep Monitor, Activity Tracker Pedometer for Men Women",$36.99,4.1 out of 5 stars,https://m.media-amazon.com/images/I/71Ym81x8BGS._AC_UL320_.jpg
AMEXI Luxury Men's Wooden Watch Roman Digital Analog Watch Quartz Watch Lightweight Trendy Watch Gift Boxed,$17.45,4.2 out of 5 stars,https://m.media-amazon.com/images/I/61MxaNyyFoL._AC_UL320_.jpg
Timex Ironman Classic 30 Full-Size 38mm Watch,$39.90,4.6 out of 5 stars,https://m.media-amazon.com/images/I/81GV0GbNsYL._AC_UL320_.jpg
"Citizen Eco-Drive GarrisonQuartz Unisex Watch, Stainless Steel with Nylon strap, Field watch, Green (Model: BM8180-03E)",,4.5 out of 5 stars,https://m.media-amazon.com/images/I/81t0KQkVwpS._AC_UL320_.jpg
Invicta Automatic Pro Diver Stainless Steel Watch,$64.99,4.5 out of 5 stars,https://m.media-amazon.com/images/I/71e04Q53xlL._AC_UL320_.jpg
SAMSUNG Galaxy Watch (42mm) SM-R810NZKAXAR (Bluetooth) - Black(Renewed),$102.99,4.3 out of 5 stars,https://m.media-amazon.com/images/I/41YvvGG4oOL._AC_UL320_.jpg
Citizen Eco-Drive Brycen Chronograph Mens Watch,,4.6 out of 5 stars,https://m.media-amazon.com/images/I/81lA8R48f-L._AC_UL320_.jpg
Fossil Men's the Minimalist Stainless Steel Slim Casual Quartz Watch,$67.98,4.5 out of 5 stars,https://m.media-amazon.com/images/I/617T6cRwooL._AC_UL320_.jpg
Casio Men's MDV106-1AV 200 M WR Black Dive Watch (MDV106-1A),$57.97,4.7 out of 5 stars,https://m.media-amazon.com/images/I/91jXI3HY2nL._AC_UL320_.jpg
Diesel Men's Mega Chief Stainless Steel Chronograph Quartz Watch,$152.25,4.6 out of 5 stars,https://m.media-amazon.com/images/I/81q5dKdYRlL._AC_UL320_.jpg
BY BENYAR Men’s Watch Amazon Analog Waches for Man Business Work Waterproof Chronograph Watches Men Fashion Minimalist Sport Classic Elegant Men's Wrist Watch with Leather Band Unique Gifts for Men,$39.99,4.4 out of 5 stars,https://m.media-amazon.com/images/I/71OsPJy+2JL._AC_UL320_.jpg
"Watch Winder Made of Premium Natural Bamboo Shell for 6 Automatic Watches with High-Gloss Craftsmanship, 4 Setting Modes and Super Quiet Motor, Built-in Lock",$179.99,4.7 out of 5 stars,https://m.media-amazon.com/images/I/71Pp38KDYlL._AC_UL320_.jpg
"CIGA Design Men's Automatic Watch, X Series SUV Skeleton Mechanical Analog Wristwatch with Silicone and Nylon Strap Sapphire Crystal Mirror",$369.00,4.9 out of 5 stars,https://m.media-amazon.com/images/I/71-wPJFBhPL._AC_UL320_.jpg
Citizen Promaster Diver Eco-Drive Men's Watch,,4.7 out of 5 stars,https://m.media-amazon.com/images/I/81NcAZDS2ML._AC_UL320_.jpg
"Fossil Men's Collider Hybrid Smartwatch HR with Always-On Readout Display, Heart Rate, Activity Tracking, Smartphone Notifications, Message Previews",,4.4 out of 5 stars,https://m.media-amazon.com/images/I/81a6mhowkOL._AC_UL320_.jpg
Timex Men's Expedition Scout 40 Watch,$41.64,4.4 out of 5 stars,https://m.media-amazon.com/images/I/91IriuV+C2L._AC_UL320_.jpg
Timex Easy Reader 38mm Leather Strap Watch,$37.80,4.6 out of 5 stars,https://m.media-amazon.com/images/I/91e+CxqiMrL._AC_UL320_.jpg
Fossil Men's Grant Stainless Steel Quartz Chronograph Watch,$56.00,4.7 out of 5 stars,https://m.media-amazon.com/images/I/81Odr+AvRlL._AC_UL320_.jpg
"Tommy Hilfiger Men's Quartz Stainless Steel and Bracelet Casual Watch, Color: Gold (Model: 1791686)",,4.6 out of 5 stars,https://m.media-amazon.com/images/I/81NYPoWxLLL._AC_UL320_.jpg
Citizen Men's BI5012-53E Quartz Gold Tone Stainless Steel Watch Case and Bracelet,$115.00,4.6 out of 5 stars,https://m.media-amazon.com/images/I/914Ai9GVmdL._AC_UL320_.jpg
Nixon Sentry SS Stainless Steel Day/Date 42mm WR 100 Meters Mens Watch A356,$275.00,4.6 out of 5 stars,https://m.media-amazon.com/images/I/81Vmcu3LFeL._AC_UL320_.jpg
BUREI Men's Fashion Minimalist Wrist Watch Analog Date with Stainless Steel Mesh Band,$29.99,4.4 out of 5 stars,https://m.media-amazon.com/images/I/71MI8xGnA6L._AC_UL320_.jpg
BERING Men's Analogue Solar Powered Watch with Stainless Steel Strap 16433-002,$148.01,4.3 out of 5 stars,https://m.media-amazon.com/images/I/61uYfYwQ2jL._AC_UL320_.jpg
Mens Watches Ultra-Thin Minimalist Waterproof-Fashion Wrist Watch for Men Unisex Dress with Leather Band,$42.99,4.3 out of 5 stars,https://m.media-amazon.com/images/I/51waqVmSpML._AC_UL320_.jpg
Timex Men's Expedition Acadia Full Size Watch,$29.92,4.5 out of 5 stars,https://m.media-amazon.com/images/I/81mTdNUQ+uL._AC_UL320_.jpg
Michael Kors Lexington Chronograph Stainless Steel Watch,$135.78,4.7 out of 5 stars,https://m.media-amazon.com/images/I/61kvTPDxnkL._AC_UL320_.jpg
Timex Men's Easy Reader Day-Date Expansion Band Watch,$39.90,4.5 out of 5 stars,https://m.media-amazon.com/images/I/8111yj0YDBL._AC_UL320_.jpg
Fossil Men's Neutra Stainless Steel Quartz Chronograph Watch,$90.55,4.6 out of 5 stars,https://m.media-amazon.com/images/I/81Loat9kDZL._AC_UL320_.jpg
Fossil Men's Townsman Stainless Steel and Leather Casual Quartz Chronograph Watch,$80.63,4.7 out of 5 stars,https://m.media-amazon.com/images/I/81J80MqIAfL._AC_UL320_.jpg
YUINK Mens Watch Ultra-Thin Digital Sports Watch Waterproof Stainless Steel Fashion Wrist Watch for Men Women,$23.99,4.3 out of 5 stars,https://m.media-amazon.com/images/I/71RA4WUklbL._AC_UL320_.jpg
BUREI Men's Fashion Minimalist Wrist Watch Analog Date with Stainless Steel Mesh Band,$29.99,4.4 out of 5 stars,https://m.media-amazon.com/images/I/71MI8xGnA6L._AC_UL320_.jpg
Mens Watches Ultra-Thin Minimalist Waterproof-Fashion Wrist Watch for Men Unisex Dress with Leather Band,$42.99,4.3 out of 5 stars,https://m.media-amazon.com/images/I/51waqVmSpML._AC_UL320_.jpg
Michael Kors Men's Blake Quartz Watch,$163.99,4.6 out of 5 stars,https://m.media-amazon.com/images/I/81N9vnr6SzL._AC_UL320_.jpg
Guess 48MM Crystal Embellished Watch,$173.90,4.6 out of 5 stars,https://m.media-amazon.com/images/I/A1kcmHcaMrL._AC_UL320_.jpg
Diesel Men's Double Down Stainless Steel Chronograph Quartz Watch,$70.00,4.5 out of 5 stars,https://m.media-amazon.com/images/I/61Qg+F3hT2L._AC_UL320_.jpg
Timex Men's South Street Sport Watch,$42.00,4.5 out of 5 stars,https://m.media-amazon.com/images/I/81PPYtQNSWL._AC_UL320_.jpg
Bulova Men's Watch,$269.22,4.6 out of 5 stars,https://m.media-amazon.com/images/I/81Ys12rFOAL._AC_UL320_.jpg
Luminox Men's LM8822.MI Recon Point Black Watch,$284.95,3.5 out of 5 stars,https://m.media-amazon.com/images/I/61OEabXp3iL._AC_UL320_.jpg
Timex Unisex Weekender 38mm Watch – Silver-Tone Case White Dial with Blue & Red Fabric Slip-Thru Strap,$36.34,4.6 out of 5 stars,https://m.media-amazon.com/images/I/81IsSpoenbL._AC_UL320_.jpg
Diesel Men's Mr. Daddy 2.0 Stainless Steel Chronograph Quartz Watch,$234.00,4.5 out of 5 stars,https://m.media-amazon.com/images/I/8184icg4CXL._AC_UL320_.jpg
Fossil Men's Townsman Stainless Steel Mechanical Automatic Watch,$117.09,4.6 out of 5 stars,https://m.media-amazon.com/images/I/61M9P8es6JL._AC_UL320_.jpg
Michael Kors Bayville Chronograph Stainless Steel Watch,$144.99,4.7 out of 5 stars,https://m.media-amazon.com/images/I/81fflw6MYkS._AC_UL320_.jpg
Bulova Men's Watch,$150.00,4.6 out of 5 stars,https://m.media-amazon.com/images/I/81UvfpFdY4S._AC_UL320_.jpg
Fossil Men's Coachman Quartz Stainless Steel and Leather Casual Cuff Watch,$87.72,4.7 out of 5 stars,https://m.media-amazon.com/images/I/615Od5QiCmL._AC_UL320_.jpg
Casio Men's G-Shock DW6900-1V Sport Watch,$58.35,4.7 out of 5 stars,https://m.media-amazon.com/images/I/81iNm6mx44L._AC_UL320_.jpg
"Citizen Quartz Mens Watch, Stainless Steel, Classic, Two-Tone (Model: AN3394-59L)",$104.99,4.5 out of 5 stars,https://m.media-amazon.com/images/I/91KXIR4LAmL._AC_UL320_.jpg
Seiko 5 Men's Stainless Steel Watch,$92.98,4.4 out of 5 stars,https://m.media-amazon.com/images/I/616g3HenkfL._AC_UL320_.jpg
"Invicta Men's Pro Diver Quartz Watch with Stainless Steel Strap, Two Tone, 22 (Model: 30021)",$42.80,4.7 out of 5 stars,https://m.media-amazon.com/images/I/81ZMHrwBIkL._AC_UL320_.jpg
Fossil Men's Garrett Stainless Steel Quartz Dress Chronograph Watch,$81.29,4.7 out of 5 stars,https://m.media-amazon.com/images/I/81yOhwa5+VL._AC_UL320_.jpg
Casio,$15.79,4.6 out of 5 stars,https://m.media-amazon.com/images/I/61nwVtAMiCL._AC_UL320_.jpg
"Bulova Precisionist Men's Watch, Stainless Steel with Black Silicone Strap, Two-Tone (Model: 98B152)",$356.27,4.7 out of 5 stars,https://m.media-amazon.com/images/I/71cHCpjKe8L._AC_UL320_.jpg
"Citizen Quartz Mens Watch, Stainless Steel, Classic, Silver-Tone (Model: BF0580-57L)",$73.49,4.5 out of 5 stars,https://m.media-amazon.com/images/I/81YJMXUexJL._AC_UL320_.jpg
Michael Kors Theroux Chronograph Stainless Watch,$135.99,4.7 out of 5 stars,https://m.media-amazon.com/images/I/81lHMShYK9L._AC_UL320_.jpg
Citizen Watches BM8240-03E Eco-Drive Leather Watch,,4.4 out of 5 stars,https://m.media-amazon.com/images/I/81NTCi8BXFL._AC_UL320_.jpg
Fossil Men's Machine Stainless Steel Case Quartz Chronograph Watch,$80.31,4.7 out of 5 stars,https://m.media-amazon.com/images/I/81GB3ZHIiUL._AC_UL320_.jpg
"Bulova Classic Quartz Men's Watch, Stainless Steel, Silver-Tone",$149.25,4.7 out of 5 stars,https://m.media-amazon.com/images/I/710jKQl3F8L._AC_UL320_.jpg
Men Watch Luxury Dress Automatic Mechanical Wristwatch with Waterproof-100FT Synthetic Sapphire Stainless Steel Luminous Moon Phase Year Calendar/Date Two Tone,$156.00,4.4 out of 5 stars,https://m.media-amazon.com/images/I/713X8OamtmL._AC_UL320_.jpg
MEGALITH Mens Chronograph Watches Stainless Steel Man Waterproof Watch Luminous Gent Wristwatches for Men Fashion Business Classic Analog Quartz Date Watches,$43.99,4.2 out of 5 stars,https://m.media-amazon.com/images/I/719D+JT0XRL._AC_UL320_.jpg
